,dataset,model,fold,lambda_value,spearman
0,AMY_BACSU/combinatorials,Augmented Potts,0,0.001,0.6796850940304934
1,AMY_BACSU/combinatorials,Augmented Potts,0,0.01,0.6800996295151659
2,AMY_BACSU/combinatorials,Augmented Potts,0,0.1,0.6790770381537417
3,AMY_BACSU/combinatorials,Augmented Potts,0,0.9,0.676983093462033
4,AMY_BACSU/combinatorials,Augmented Potts,1,0.001,0.72848360499274
5,AMY_BACSU/combinatorials,Augmented Potts,1,0.01,0.7286002812218442
6,AMY_BACSU/combinatorials,Augmented Potts,1,0.1,0.7311901880112861
7,AMY_BACSU/combinatorials,Augmented Potts,1,0.9,0.7342431572568201
8,AMY_BACSU/combinatorials,Augmented Potts,2,0.001,0.6895939880157762
9,AMY_BACSU/combinatorials,Augmented Potts,2,0.01,0.6902081536094842
10,AMY_BACSU/combinatorials,Augmented Potts,2,0.1,0.6903023875498235
11,AMY_BACSU/combinatorials,Augmented Potts,2,0.9,0.6944410435106383
12,AMY_BACSU/combinatorials,Augmented Potts,3,0.001,0.7224902302755708
13,AMY_BACSU/combinatorials,Augmented Potts,3,0.01,0.7232893390712787
14,AMY_BACSU/combinatorials,Augmented Potts,3,0.1,0.7249143463708875
15,AMY_BACSU/combinatorials,Augmented Potts,3,0.9,0.7328842845583402
16,AMY_BACSU/combinatorials,Augmented Potts,4,0.001,0.6984697841643281
17,AMY_BACSU/combinatorials,Augmented Potts,4,0.01,0.6989517641125764
18,AMY_BACSU/combinatorials,Augmented Potts,4,0.1,0.6998889342898624
19,AMY_BACSU/combinatorials,Augmented Potts,4,0.9,0.6974704571385235
20,AMY_BACSU/combinatorials,Augmented Potts,5,0.001,0.6650314373629057
21,AMY_BACSU/combinatorials,Augmented Potts,5,0.01,0.6661083128799739
22,AMY_BACSU/combinatorials,Augmented Potts,5,0.1,0.6695041425928798
23,AMY_BACSU/combinatorials,Augmented Potts,5,0.9,0.6750533708438443
24,AMY_BACSU/combinatorials,Augmented Potts,6,0.001,0.7052265287962134
25,AMY_BACSU/combinatorials,Augmented Potts,6,0.01,0.7056017911200363
26,AMY_BACSU/combinatorials,Augmented Potts,6,0.1,0.7066398036653836
27,AMY_BACSU/combinatorials,Augmented Potts,6,0.9,0.7079218314844287
28,AMY_BACSU/combinatorials,Augmented Potts,7,0.001,0.6824841464120034
29,AMY_BACSU/combinatorials,Augmented Potts,7,0.01,0.6830276134068671
30,AMY_BACSU/combinatorials,Augmented Potts,7,0.1,0.6858035831158098
31,AMY_BACSU/combinatorials,Augmented Potts,7,0.9,0.6920510844765545
32,AMY_BACSU/combinatorials,Augmented Potts,8,0.001,0.634907723433343
33,AMY_BACSU/combinatorials,Augmented Potts,8,0.01,0.6353799995965632
34,AMY_BACSU/combinatorials,Augmented Potts,8,0.1,0.637012059033947
35,AMY_BACSU/combinatorials,Augmented Potts,8,0.9,0.6381494544990187
36,AMY_BACSU/combinatorials,Augmented Potts,9,0.001,0.6604049884558966
37,AMY_BACSU/combinatorials,Augmented Potts,9,0.01,0.6611339546452634
38,AMY_BACSU/combinatorials,Augmented Potts,9,0.1,0.6634775679141326
39,AMY_BACSU/combinatorials,Augmented Potts,9,0.9,0.6706761386476406
40,AMY_BACSU/singles,Augmented Potts,0,0.001,0.5718021978001693
41,AMY_BACSU/singles,Augmented Potts,0,0.01,0.5718152530957619
42,AMY_BACSU/singles,Augmented Potts,0,0.1,0.5719614905387542
43,AMY_BACSU/singles,Augmented Potts,0,0.9,0.5721061565109807
44,AMY_BACSU/singles,Augmented Potts,1,0.001,0.5941335212146366
45,AMY_BACSU/singles,Augmented Potts,1,0.01,0.5943327122483647
46,AMY_BACSU/singles,Augmented Potts,1,0.1,0.5942762299615967
47,AMY_BACSU/singles,Augmented Potts,1,0.9,0.5938856003648735
48,AMY_BACSU/singles,Augmented Potts,2,0.001,0.5874525346801323
49,AMY_BACSU/singles,Augmented Potts,2,0.01,0.587480109094133
50,AMY_BACSU/singles,Augmented Potts,2,0.1,0.5874626695995343
51,AMY_BACSU/singles,Augmented Potts,2,0.9,0.5874733477163091
52,AMY_BACSU/singles,Augmented Potts,3,0.001,0.5125329651707643
53,AMY_BACSU/singles,Augmented Potts,3,0.01,0.513661274820795
54,AMY_BACSU/singles,Augmented Potts,3,0.1,0.5138984634528606
55,AMY_BACSU/singles,Augmented Potts,3,0.9,0.5140005252696768
56,AMY_BACSU/singles,Augmented Potts,4,0.001,0.5358657555861178
57,AMY_BACSU/singles,Augmented Potts,4,0.01,0.5359580145874933
58,AMY_BACSU/singles,Augmented Potts,4,0.1,0.5360531695454129
59,AMY_BACSU/singles,Augmented Potts,4,0.9,0.5360655471870889
60,AMY_BACSU/singles,Augmented Potts,5,0.001,0.546238353918535
61,AMY_BACSU/singles,Augmented Potts,5,0.01,0.546265549069754
62,AMY_BACSU/singles,Augmented Potts,5,0.1,0.546460486105454
63,AMY_BACSU/singles,Augmented Potts,5,0.9,0.5464174150997853
64,AMY_BACSU/singles,Augmented Potts,6,0.001,0.503103411482789
65,AMY_BACSU/singles,Augmented Potts,6,0.01,0.504087282303024
66,AMY_BACSU/singles,Augmented Potts,6,0.1,0.504979950545949
67,AMY_BACSU/singles,Augmented Potts,6,0.9,0.5065907040238063
68,AMY_BACSU/singles,Augmented Potts,7,0.001,0.57443872310665
69,AMY_BACSU/singles,Augmented Potts,7,0.01,0.5744586453071593
70,AMY_BACSU/singles,Augmented Potts,7,0.1,0.5747513851259172
71,AMY_BACSU/singles,Augmented Potts,7,0.9,0.5751958509636343
72,AMY_BACSU/singles,Augmented Potts,8,0.001,0.5894699420065281
73,AMY_BACSU/singles,Augmented Potts,8,0.01,0.5895379598173163
74,AMY_BACSU/singles,Augmented Potts,8,0.1,0.589751537984305
75,AMY_BACSU/singles,Augmented Potts,8,0.9,0.5898238559326369
76,AMY_BACSU/singles,Augmented Potts,9,0.001,0.547126640956374
77,AMY_BACSU/singles,Augmented Potts,9,0.01,0.5473126867669754
78,AMY_BACSU/singles,Augmented Potts,9,0.1,0.5473827326191308
79,AMY_BACSU/singles,Augmented Potts,9,0.9,0.5472503790397605
80,A2RQE2_9CELL,Augmented Potts,0,0.001,0.7664740007842502
81,A2RQE2_9CELL,Augmented Potts,0,0.01,0.7664740007842502
82,A2RQE2_9CELL,Augmented Potts,0,0.1,0.7665245735492645
83,A2RQE2_9CELL,Augmented Potts,0,0.9,0.7658581299955796
84,A2RQE2_9CELL,Augmented Potts,1,0.001,0.8066903814429257
85,A2RQE2_9CELL,Augmented Potts,1,0.01,0.8066903814429257
86,A2RQE2_9CELL,Augmented Potts,1,0.1,0.8067191887849312
87,A2RQE2_9CELL,Augmented Potts,1,0.9,0.8067109581157869
88,A2RQE2_9CELL,Augmented Potts,2,0.001,0.8210431975162029
89,A2RQE2_9CELL,Augmented Potts,2,0.01,0.821129435899258
90,A2RQE2_9CELL,Augmented Potts,2,0.1,0.8211574128997811
91,A2RQE2_9CELL,Augmented Potts,2,0.9,0.8211023241667925
92,A2RQE2_9CELL,Augmented Potts,3,0.001,0.7812363736721121
93,A2RQE2_9CELL,Augmented Potts,3,0.01,0.7812363736721121
94,A2RQE2_9CELL,Augmented Potts,3,0.1,0.781177148899976
95,A2RQE2_9CELL,Augmented Potts,3,0.9,0.78152794178109
96,A2RQE2_9CELL,Augmented Potts,4,0.001,0.8073650352917612
97,A2RQE2_9CELL,Augmented Potts,4,0.01,0.8073624162942692
98,A2RQE2_9CELL,Augmented Potts,4,0.1,0.8073870348706937
99,A2RQE2_9CELL,Augmented Potts,4,0.9,0.8072526802993559
100,A2RQE2_9CELL,Augmented Potts,5,0.001,0.7696490277305799
101,A2RQE2_9CELL,Augmented Potts,5,0.01,0.7696490277305799
102,A2RQE2_9CELL,Augmented Potts,5,0.1,0.7696900405084696
103,A2RQE2_9CELL,Augmented Potts,5,0.9,0.7696878819412123
104,A2RQE2_9CELL,Augmented Potts,6,0.001,0.8114078189507475
105,A2RQE2_9CELL,Augmented Potts,6,0.01,0.8114078189507475
106,A2RQE2_9CELL,Augmented Potts,6,0.1,0.8113218550888737
107,A2RQE2_9CELL,Augmented Potts,6,0.9,0.8118511669990348
108,A2RQE2_9CELL,Augmented Potts,7,0.001,0.7876137727648066
109,A2RQE2_9CELL,Augmented Potts,7,0.01,0.7877130841819958
110,A2RQE2_9CELL,Augmented Potts,7,0.1,0.7877655631248585
111,A2RQE2_9CELL,Augmented Potts,7,0.9,0.7880053719650277
112,A2RQE2_9CELL,Augmented Potts,8,0.001,0.8103222656611555
113,A2RQE2_9CELL,Augmented Potts,8,0.01,0.8102850171157839
114,A2RQE2_9CELL,Augmented Potts,8,0.1,0.8101972940922637
115,A2RQE2_9CELL,Augmented Potts,8,0.9,0.8105435975974218
116,A2RQE2_9CELL,Augmented Potts,9,0.001,0.7887733115396021
117,A2RQE2_9CELL,Augmented Potts,9,0.01,0.7887733115396021
118,A2RQE2_9CELL,Augmented Potts,9,0.1,0.7887357275987947
119,A2RQE2_9CELL,Augmented Potts,9,0.9,0.7889230778491821
120,CASP3_HUMAN_Roychowdhury_2020,Augmented Potts,0,0.001,0.6454639271976732
121,CASP3_HUMAN_Roychowdhury_2020,Augmented Potts,0,0.01,0.6465428276573787
122,CASP3_HUMAN_Roychowdhury_2020,Augmented Potts,0,0.1,0.6506975996140082
123,CASP3_HUMAN_Roychowdhury_2020,Augmented Potts,0,0.9,0.652925763606878
124,CASP3_HUMAN_Roychowdhury_2020,Augmented Potts,1,0.001,0.7130846985012199
125,CASP3_HUMAN_Roychowdhury_2020,Augmented Potts,1,0.01,0.7105263157894736
126,CASP3_HUMAN_Roychowdhury_2020,Augmented Potts,1,0.1,0.7081422098292087
127,CASP3_HUMAN_Roychowdhury_2020,Augmented Potts,1,0.9,0.70831648658069
128,CASP3_HUMAN_Roychowdhury_2020,Augmented Potts,2,0.001,0.7238974441667338
129,CASP3_HUMAN_Roychowdhury_2020,Augmented Potts,2,0.01,0.7224492833619658
130,CASP3_HUMAN_Roychowdhury_2020,Augmented Potts,2,0.1,0.7215220883285061
131,CASP3_HUMAN_Roychowdhury_2020,Augmented Potts,2,0.9,0.7229082293985947
132,CASP3_HUMAN_Roychowdhury_2020,Augmented Potts,3,0.001,0.5661670411449452
133,CASP3_HUMAN_Roychowdhury_2020,Augmented Potts,3,0.01,0.5605993072278618
134,CASP3_HUMAN_Roychowdhury_2020,Augmented Potts,3,0.1,0.5572738792653633
135,CASP3_HUMAN_Roychowdhury_2020,Augmented Potts,3,0.9,0.5562759466288588
136,CASP3_HUMAN_Roychowdhury_2020,Augmented Potts,4,0.001,0.6503493524847154
137,CASP3_HUMAN_Roychowdhury_2020,Augmented Potts,4,0.01,0.646138563555074
138,CASP3_HUMAN_Roychowdhury_2020,Augmented Potts,4,0.1,0.6473251297996985
139,CASP3_HUMAN_Roychowdhury_2020,Augmented Potts,4,0.9,0.6501759312643471
140,CASP3_HUMAN_Roychowdhury_2020,Augmented Potts,5,0.001,0.6165986279046184
141,CASP3_HUMAN_Roychowdhury_2020,Augmented Potts,5,0.01,0.6128323227749437
142,CASP3_HUMAN_Roychowdhury_2020,Augmented Potts,5,0.1,0.609957478721673
143,CASP3_HUMAN_Roychowdhury_2020,Augmented Potts,5,0.9,0.6081038056897856
144,CASP3_HUMAN_Roychowdhury_2020,Augmented Potts,6,0.001,0.582640047043853
145,CASP3_HUMAN_Roychowdhury_2020,Augmented Potts,6,0.01,0.5683186642630601
146,CASP3_HUMAN_Roychowdhury_2020,Augmented Potts,6,0.1,0.5616129871882622
147,CASP3_HUMAN_Roychowdhury_2020,Augmented Potts,6,0.9,0.5704819102889148
148,CASP3_HUMAN_Roychowdhury_2020,Augmented Potts,7,0.001,0.5569758655940265
149,CASP3_HUMAN_Roychowdhury_2020,Augmented Potts,7,0.01,0.5485346015378462
150,CASP3_HUMAN_Roychowdhury_2020,Augmented Potts,7,0.1,0.5455122449886662
151,CASP3_HUMAN_Roychowdhury_2020,Augmented Potts,7,0.9,0.5431370283123694
152,CASP3_HUMAN_Roychowdhury_2020,Augmented Potts,8,0.001,0.6840014691279093
153,CASP3_HUMAN_Roychowdhury_2020,Augmented Potts,8,0.01,0.6878157604777385
154,CASP3_HUMAN_Roychowdhury_2020,Augmented Potts,8,0.1,0.6876797301157618
155,CASP3_HUMAN_Roychowdhury_2020,Augmented Potts,8,0.9,0.6844041189993605
156,CASP3_HUMAN_Roychowdhury_2020,Augmented Potts,9,0.001,0.7455363051239886
157,CASP3_HUMAN_Roychowdhury_2020,Augmented Potts,9,0.01,0.7328491737391593
158,CASP3_HUMAN_Roychowdhury_2020,Augmented Potts,9,0.1,0.7298340784867934
159,CASP3_HUMAN_Roychowdhury_2020,Augmented Potts,9,0.9,0.7317325844781922
160,MK01_HUMAN_Brenan_2016,Augmented Potts,0,0.001,0.5111141764739765
161,MK01_HUMAN_Brenan_2016,Augmented Potts,0,0.01,0.5097668479127961
162,MK01_HUMAN_Brenan_2016,Augmented Potts,0,0.1,0.5092318724547377
163,MK01_HUMAN_Brenan_2016,Augmented Potts,0,0.9,0.5093313466102022
164,MK01_HUMAN_Brenan_2016,Augmented Potts,1,0.001,0.474340123670019
165,MK01_HUMAN_Brenan_2016,Augmented Potts,1,0.01,0.47571959770189576
166,MK01_HUMAN_Brenan_2016,Augmented Potts,1,0.1,0.4765551713535205
167,MK01_HUMAN_Brenan_2016,Augmented Potts,1,0.9,0.47663701623558075
168,MK01_HUMAN_Brenan_2016,Augmented Potts,2,0.001,0.435126629789654
169,MK01_HUMAN_Brenan_2016,Augmented Potts,2,0.01,0.43413493291032623
170,MK01_HUMAN_Brenan_2016,Augmented Potts,2,0.1,0.43386781974363026
171,MK01_HUMAN_Brenan_2016,Augmented Potts,2,0.9,0.43360418687878055
172,MK01_HUMAN_Brenan_2016,Augmented Potts,3,0.001,0.48253501119895176
173,MK01_HUMAN_Brenan_2016,Augmented Potts,3,0.01,0.48020909046898813
174,MK01_HUMAN_Brenan_2016,Augmented Potts,3,0.1,0.4798832921998618
175,MK01_HUMAN_Brenan_2016,Augmented Potts,3,0.9,0.48023278630112914
176,MK01_HUMAN_Brenan_2016,Augmented Potts,4,0.001,0.5112640180720875
177,MK01_HUMAN_Brenan_2016,Augmented Potts,4,0.01,0.5076569566176516
178,MK01_HUMAN_Brenan_2016,Augmented Potts,4,0.1,0.5072878544023267
179,MK01_HUMAN_Brenan_2016,Augmented Potts,4,0.9,0.5070310607403656
180,MK01_HUMAN_Brenan_2016,Augmented Potts,5,0.001,0.4715458813443595
181,MK01_HUMAN_Brenan_2016,Augmented Potts,5,0.01,0.4718264182412487
182,MK01_HUMAN_Brenan_2016,Augmented Potts,5,0.1,0.4715278351112262
183,MK01_HUMAN_Brenan_2016,Augmented Potts,5,0.9,0.47173921581401057
184,MK01_HUMAN_Brenan_2016,Augmented Potts,6,0.001,0.49347497954335195
185,MK01_HUMAN_Brenan_2016,Augmented Potts,6,0.01,0.4946577061346664
186,MK01_HUMAN_Brenan_2016,Augmented Potts,6,0.1,0.4948586094232216
187,MK01_HUMAN_Brenan_2016,Augmented Potts,6,0.9,0.49500707315849607
188,MK01_HUMAN_Brenan_2016,Augmented Potts,7,0.001,0.5026691050736987
189,MK01_HUMAN_Brenan_2016,Augmented Potts,7,0.01,0.5024988662830991
190,MK01_HUMAN_Brenan_2016,Augmented Potts,7,0.1,0.5020989934424365
191,MK01_HUMAN_Brenan_2016,Augmented Potts,7,0.9,0.5023380056913623
192,MK01_HUMAN_Brenan_2016,Augmented Potts,8,0.001,0.43860690467651114
193,MK01_HUMAN_Brenan_2016,Augmented Potts,8,0.01,0.43716770891320494
194,MK01_HUMAN_Brenan_2016,Augmented Potts,8,0.1,0.437097843212877
195,MK01_HUMAN_Brenan_2016,Augmented Potts,8,0.9,0.4372312094904303
196,MK01_HUMAN_Brenan_2016,Augmented Potts,9,0.001,0.4468074728473604
197,MK01_HUMAN_Brenan_2016,Augmented Potts,9,0.01,0.44517707555815694
198,MK01_HUMAN_Brenan_2016,Augmented Potts,9,0.1,0.4450367936689941
199,MK01_HUMAN_Brenan_2016,Augmented Potts,9,0.9,0.4450498431470558
200,AMIE_PSEAE_Wrenbeck_2017,Augmented Potts,0,0.001,0.7196891640329064
201,AMIE_PSEAE_Wrenbeck_2017,Augmented Potts,0,0.01,0.7174013837231634
202,AMIE_PSEAE_Wrenbeck_2017,Augmented Potts,0,0.1,0.7172096196489255
203,AMIE_PSEAE_Wrenbeck_2017,Augmented Potts,0,0.9,0.7172268633078693
204,AMIE_PSEAE_Wrenbeck_2017,Augmented Potts,1,0.001,0.7382556806451885
205,AMIE_PSEAE_Wrenbeck_2017,Augmented Potts,1,0.01,0.7363223324359371
206,AMIE_PSEAE_Wrenbeck_2017,Augmented Potts,1,0.1,0.7360043405070397
207,AMIE_PSEAE_Wrenbeck_2017,Augmented Potts,1,0.9,0.7364074567497997
208,AMIE_PSEAE_Wrenbeck_2017,Augmented Potts,2,0.001,0.7337491338412911
209,AMIE_PSEAE_Wrenbeck_2017,Augmented Potts,2,0.01,0.7320538973901387
210,AMIE_PSEAE_Wrenbeck_2017,Augmented Potts,2,0.1,0.7319281868022401
211,AMIE_PSEAE_Wrenbeck_2017,Augmented Potts,2,0.9,0.7316982960359166
212,AMIE_PSEAE_Wrenbeck_2017,Augmented Potts,3,0.001,0.7419828106851256
213,AMIE_PSEAE_Wrenbeck_2017,Augmented Potts,3,0.01,0.740480471443085
214,AMIE_PSEAE_Wrenbeck_2017,Augmented Potts,3,0.1,0.7402877873367293
215,AMIE_PSEAE_Wrenbeck_2017,Augmented Potts,3,0.9,0.740239041535261
216,AMIE_PSEAE_Wrenbeck_2017,Augmented Potts,4,0.001,0.7350178298765431
217,AMIE_PSEAE_Wrenbeck_2017,Augmented Potts,4,0.01,0.7340065559890961
218,AMIE_PSEAE_Wrenbeck_2017,Augmented Potts,4,0.1,0.7338423196643196
219,AMIE_PSEAE_Wrenbeck_2017,Augmented Potts,4,0.9,0.7338623910536387
220,AMIE_PSEAE_Wrenbeck_2017,Augmented Potts,5,0.001,0.7576486325397338
221,AMIE_PSEAE_Wrenbeck_2017,Augmented Potts,5,0.01,0.7559120478698672
222,AMIE_PSEAE_Wrenbeck_2017,Augmented Potts,5,0.1,0.7558053394918304
223,AMIE_PSEAE_Wrenbeck_2017,Augmented Potts,5,0.9,0.7559489770791765
224,AMIE_PSEAE_Wrenbeck_2017,Augmented Potts,6,0.001,0.7347098413000865
225,AMIE_PSEAE_Wrenbeck_2017,Augmented Potts,6,0.01,0.7338460540265094
226,AMIE_PSEAE_Wrenbeck_2017,Augmented Potts,6,0.1,0.7336488249406218
227,AMIE_PSEAE_Wrenbeck_2017,Augmented Potts,6,0.9,0.7335233248112388
228,AMIE_PSEAE_Wrenbeck_2017,Augmented Potts,7,0.001,0.747046447407753
229,AMIE_PSEAE_Wrenbeck_2017,Augmented Potts,7,0.01,0.7471592021746299
230,AMIE_PSEAE_Wrenbeck_2017,Augmented Potts,7,0.1,0.7470210121449664
231,AMIE_PSEAE_Wrenbeck_2017,Augmented Potts,7,0.9,0.74702246911633
232,AMIE_PSEAE_Wrenbeck_2017,Augmented Potts,8,0.001,0.7567304476988375
233,AMIE_PSEAE_Wrenbeck_2017,Augmented Potts,8,0.01,0.7548865669517936
234,AMIE_PSEAE_Wrenbeck_2017,Augmented Potts,8,0.1,0.7545894283078441
235,AMIE_PSEAE_Wrenbeck_2017,Augmented Potts,8,0.9,0.7544483197046676
236,AMIE_PSEAE_Wrenbeck_2017,Augmented Potts,9,0.001,0.7247408836149009
237,AMIE_PSEAE_Wrenbeck_2017,Augmented Potts,9,0.01,0.7224690804842855
238,AMIE_PSEAE_Wrenbeck_2017,Augmented Potts,9,0.1,0.7221656972747752
239,AMIE_PSEAE_Wrenbeck_2017,Augmented Potts,9,0.9,0.7221782689427605
240,UBC9_HUMAN_Weile_2017,Augmented Potts,0,0.001,0.7139965582489006
241,UBC9_HUMAN_Weile_2017,Augmented Potts,0,0.01,0.7137112997255934
242,UBC9_HUMAN_Weile_2017,Augmented Potts,0,0.1,0.713938539566194
243,UBC9_HUMAN_Weile_2017,Augmented Potts,0,0.9,0.7140103722209736
244,UBC9_HUMAN_Weile_2017,Augmented Potts,1,0.001,0.6660772171223118
245,UBC9_HUMAN_Weile_2017,Augmented Potts,1,0.01,0.6654973677333905
246,UBC9_HUMAN_Weile_2017,Augmented Potts,1,0.1,0.6656056574868182
247,UBC9_HUMAN_Weile_2017,Augmented Potts,1,0.9,0.6651463860502951
248,UBC9_HUMAN_Weile_2017,Augmented Potts,2,0.001,0.7049120818613195
249,UBC9_HUMAN_Weile_2017,Augmented Potts,2,0.01,0.7049016004427782
250,UBC9_HUMAN_Weile_2017,Augmented Potts,2,0.1,0.7050413526899942
251,UBC9_HUMAN_Weile_2017,Augmented Potts,2,0.9,0.705116818903491
252,UBC9_HUMAN_Weile_2017,Augmented Potts,3,0.001,0.7214750712864944
253,UBC9_HUMAN_Weile_2017,Augmented Potts,3,0.01,0.720723186385629
254,UBC9_HUMAN_Weile_2017,Augmented Potts,3,0.1,0.7206874144828052
255,UBC9_HUMAN_Weile_2017,Augmented Potts,3,0.9,0.7199105567441192
256,UBC9_HUMAN_Weile_2017,Augmented Potts,4,0.001,0.7179816412374551
257,UBC9_HUMAN_Weile_2017,Augmented Potts,4,0.01,0.7177930805837782
258,UBC9_HUMAN_Weile_2017,Augmented Potts,4,0.1,0.7179457249224691
259,UBC9_HUMAN_Weile_2017,Augmented Potts,4,0.9,0.7174352988306475
260,UBC9_HUMAN_Weile_2017,Augmented Potts,5,0.001,0.6577802346305057
261,UBC9_HUMAN_Weile_2017,Augmented Potts,5,0.01,0.6579421828807075
262,UBC9_HUMAN_Weile_2017,Augmented Potts,5,0.1,0.6577815098135781
263,UBC9_HUMAN_Weile_2017,Augmented Potts,5,0.9,0.6587761526100928
264,UBC9_HUMAN_Weile_2017,Augmented Potts,6,0.001,0.72726667438629
265,UBC9_HUMAN_Weile_2017,Augmented Potts,6,0.01,0.7271161417322836
266,UBC9_HUMAN_Weile_2017,Augmented Potts,6,0.1,0.7270915354330708
267,UBC9_HUMAN_Weile_2017,Augmented Potts,6,0.9,0.7265509205650764
268,UBC9_HUMAN_Weile_2017,Augmented Potts,7,0.001,0.675645629778048
269,UBC9_HUMAN_Weile_2017,Augmented Potts,7,0.01,0.6758299527979964
270,UBC9_HUMAN_Weile_2017,Augmented Potts,7,0.1,0.6757854080681756
271,UBC9_HUMAN_Weile_2017,Augmented Potts,7,0.9,0.6750673163029601
272,UBC9_HUMAN_Weile_2017,Augmented Potts,8,0.001,0.6743698082272701
273,UBC9_HUMAN_Weile_2017,Augmented Potts,8,0.01,0.6741377187493023
274,UBC9_HUMAN_Weile_2017,Augmented Potts,8,0.1,0.6740645515579429
275,UBC9_HUMAN_Weile_2017,Augmented Potts,8,0.9,0.6743391252115387
276,UBC9_HUMAN_Weile_2017,Augmented Potts,9,0.001,0.7179600110214508
277,UBC9_HUMAN_Weile_2017,Augmented Potts,9,0.01,0.7176708684828393
278,UBC9_HUMAN_Weile_2017,Augmented Potts,9,0.1,0.7175676537869048
279,UBC9_HUMAN_Weile_2017,Augmented Potts,9,0.9,0.7178935577240683
280,SRC_HUMAN_Ahler_2019,Augmented Potts,0,0.001,0.7138059520707549
281,SRC_HUMAN_Ahler_2019,Augmented Potts,0,0.01,0.7200354943230265
282,SRC_HUMAN_Ahler_2019,Augmented Potts,0,0.1,0.7311681326302525
283,SRC_HUMAN_Ahler_2019,Augmented Potts,0,0.9,0.7433468434639168
284,SRC_HUMAN_Ahler_2019,Augmented Potts,1,0.001,0.738218641141189
285,SRC_HUMAN_Ahler_2019,Augmented Potts,1,0.01,0.7483202057692443
286,SRC_HUMAN_Ahler_2019,Augmented Potts,1,0.1,0.7592155440440147
287,SRC_HUMAN_Ahler_2019,Augmented Potts,1,0.9,0.7690648170481519
288,SRC_HUMAN_Ahler_2019,Augmented Potts,2,0.001,0.747826592461517
289,SRC_HUMAN_Ahler_2019,Augmented Potts,2,0.01,0.7564447784636408
290,SRC_HUMAN_Ahler_2019,Augmented Potts,2,0.1,0.7653019380452549
291,SRC_HUMAN_Ahler_2019,Augmented Potts,2,0.9,0.7689564302372689
292,SRC_HUMAN_Ahler_2019,Augmented Potts,3,0.001,0.7521170975412723
293,SRC_HUMAN_Ahler_2019,Augmented Potts,3,0.01,0.7563854906111264
294,SRC_HUMAN_Ahler_2019,Augmented Potts,3,0.1,0.7651241356687019
295,SRC_HUMAN_Ahler_2019,Augmented Potts,3,0.9,0.7738527937033541
296,SRC_HUMAN_Ahler_2019,Augmented Potts,4,0.001,0.7709674804367969
297,SRC_HUMAN_Ahler_2019,Augmented Potts,4,0.01,0.7732790477241814
298,SRC_HUMAN_Ahler_2019,Augmented Potts,4,0.1,0.7775212972552922
299,SRC_HUMAN_Ahler_2019,Augmented Potts,4,0.9,0.7823883374518722
300,SRC_HUMAN_Ahler_2019,Augmented Potts,5,0.001,0.6801105750064305
301,SRC_HUMAN_Ahler_2019,Augmented Potts,5,0.01,0.6851773924080665
302,SRC_HUMAN_Ahler_2019,Augmented Potts,5,0.1,0.6950542667996082
303,SRC_HUMAN_Ahler_2019,Augmented Potts,5,0.9,0.7040488404881537
304,SRC_HUMAN_Ahler_2019,Augmented Potts,6,0.001,0.7303528020408236
305,SRC_HUMAN_Ahler_2019,Augmented Potts,6,0.01,0.7368793600905374
306,SRC_HUMAN_Ahler_2019,Augmented Potts,6,0.1,0.7571800890044915
307,SRC_HUMAN_Ahler_2019,Augmented Potts,6,0.9,0.7690776642218983
308,SRC_HUMAN_Ahler_2019,Augmented Potts,7,0.001,0.7369141010367037
309,SRC_HUMAN_Ahler_2019,Augmented Potts,7,0.01,0.7377767825667101
310,SRC_HUMAN_Ahler_2019,Augmented Potts,7,0.1,0.7496684653324545
311,SRC_HUMAN_Ahler_2019,Augmented Potts,7,0.9,0.760192228402222
312,SRC_HUMAN_Ahler_2019,Augmented Potts,8,0.001,0.7651410574058698
313,SRC_HUMAN_Ahler_2019,Augmented Potts,8,0.01,0.7709107588287701
314,SRC_HUMAN_Ahler_2019,Augmented Potts,8,0.1,0.7781959804085596
315,SRC_HUMAN_Ahler_2019,Augmented Potts,8,0.9,0.7832653761818781
316,SRC_HUMAN_Ahler_2019,Augmented Potts,9,0.001,0.7727518092089235
317,SRC_HUMAN_Ahler_2019,Augmented Potts,9,0.01,0.7769375323781401
318,SRC_HUMAN_Ahler_2019,Augmented Potts,9,0.1,0.7822264790421016
319,SRC_HUMAN_Ahler_2019,Augmented Potts,9,0.9,0.7898163459187648
320,BLAT_ECOLX_Deng_2012,Augmented Potts,0,0.001,0.7493148640572668
321,BLAT_ECOLX_Deng_2012,Augmented Potts,0,0.01,0.7455894822614058
322,BLAT_ECOLX_Deng_2012,Augmented Potts,0,0.1,0.7376858607428481
323,BLAT_ECOLX_Deng_2012,Augmented Potts,0,0.9,0.7359982913283544
324,BLAT_ECOLX_Deng_2012,Augmented Potts,1,0.001,0.7670922415225991
325,BLAT_ECOLX_Deng_2012,Augmented Potts,1,0.01,0.7655817487821535
326,BLAT_ECOLX_Deng_2012,Augmented Potts,1,0.1,0.7630022431186364
327,BLAT_ECOLX_Deng_2012,Augmented Potts,1,0.9,0.7622636221437956
328,BLAT_ECOLX_Deng_2012,Augmented Potts,2,0.001,0.7530393160460959
329,BLAT_ECOLX_Deng_2012,Augmented Potts,2,0.01,0.750295626161551
330,BLAT_ECOLX_Deng_2012,Augmented Potts,2,0.1,0.7441751633480475
331,BLAT_ECOLX_Deng_2012,Augmented Potts,2,0.9,0.7437878549469557
332,BLAT_ECOLX_Deng_2012,Augmented Potts,3,0.001,0.734787771468401
333,BLAT_ECOLX_Deng_2012,Augmented Potts,3,0.01,0.7340266551044841
334,BLAT_ECOLX_Deng_2012,Augmented Potts,3,0.1,0.7330135012288547
335,BLAT_ECOLX_Deng_2012,Augmented Potts,3,0.9,0.732335118072811
336,BLAT_ECOLX_Deng_2012,Augmented Potts,4,0.001,0.7488972129623058
337,BLAT_ECOLX_Deng_2012,Augmented Potts,4,0.01,0.7463561900860858
338,BLAT_ECOLX_Deng_2012,Augmented Potts,4,0.1,0.7429282712127355
339,BLAT_ECOLX_Deng_2012,Augmented Potts,4,0.9,0.7417504191261657
340,BLAT_ECOLX_Deng_2012,Augmented Potts,5,0.001,0.7296138130151909
341,BLAT_ECOLX_Deng_2012,Augmented Potts,5,0.01,0.722607371567512
342,BLAT_ECOLX_Deng_2012,Augmented Potts,5,0.1,0.7173519268363208
343,BLAT_ECOLX_Deng_2012,Augmented Potts,5,0.9,0.7181074285670673
344,BLAT_ECOLX_Deng_2012,Augmented Potts,6,0.001,0.7210354786853534
345,BLAT_ECOLX_Deng_2012,Augmented Potts,6,0.01,0.7163710149798874
346,BLAT_ECOLX_Deng_2012,Augmented Potts,6,0.1,0.711089364796798
347,BLAT_ECOLX_Deng_2012,Augmented Potts,6,0.9,0.7091614598650525
348,BLAT_ECOLX_Deng_2012,Augmented Potts,7,0.001,0.754919333144447
349,BLAT_ECOLX_Deng_2012,Augmented Potts,7,0.01,0.7546294694883674
350,BLAT_ECOLX_Deng_2012,Augmented Potts,7,0.1,0.7507935540176658
351,BLAT_ECOLX_Deng_2012,Augmented Potts,7,0.9,0.7506808237324631
352,BLAT_ECOLX_Deng_2012,Augmented Potts,8,0.001,0.7347687865505612
353,BLAT_ECOLX_Deng_2012,Augmented Potts,8,0.01,0.7344147057152568
354,BLAT_ECOLX_Deng_2012,Augmented Potts,8,0.1,0.7321213154134454
355,BLAT_ECOLX_Deng_2012,Augmented Potts,8,0.9,0.7311437164059595
356,BLAT_ECOLX_Deng_2012,Augmented Potts,9,0.001,0.7486307482760909
357,BLAT_ECOLX_Deng_2012,Augmented Potts,9,0.01,0.7474120588445876
358,BLAT_ECOLX_Deng_2012,Augmented Potts,9,0.1,0.7459694236202244
359,BLAT_ECOLX_Deng_2012,Augmented Potts,9,0.9,0.7437578292629037
360,BLAT_ECOLX_Stiffler_2015,Augmented Potts,0,0.001,0.821835566160542
361,BLAT_ECOLX_Stiffler_2015,Augmented Potts,0,0.01,0.8215528802932561
362,BLAT_ECOLX_Stiffler_2015,Augmented Potts,0,0.1,0.8189242977001867
363,BLAT_ECOLX_Stiffler_2015,Augmented Potts,0,0.9,0.8180999984595705
364,BLAT_ECOLX_Stiffler_2015,Augmented Potts,1,0.001,0.8454168223197309
365,BLAT_ECOLX_Stiffler_2015,Augmented Potts,1,0.01,0.844833321703962
366,BLAT_ECOLX_Stiffler_2015,Augmented Potts,1,0.1,0.8443808089660206
367,BLAT_ECOLX_Stiffler_2015,Augmented Potts,1,0.9,0.8441251810844448
368,BLAT_ECOLX_Stiffler_2015,Augmented Potts,2,0.001,0.8343280016902949
369,BLAT_ECOLX_Stiffler_2015,Augmented Potts,2,0.01,0.8328564666086312
370,BLAT_ECOLX_Stiffler_2015,Augmented Potts,2,0.1,0.8304056997043944
371,BLAT_ECOLX_Stiffler_2015,Augmented Potts,2,0.9,0.830252662318931
372,BLAT_ECOLX_Stiffler_2015,Augmented Potts,3,0.001,0.8332052944855064
373,BLAT_ECOLX_Stiffler_2015,Augmented Potts,3,0.01,0.8315647195750073
374,BLAT_ECOLX_Stiffler_2015,Augmented Potts,3,0.1,0.8293404944727781
375,BLAT_ECOLX_Stiffler_2015,Augmented Potts,3,0.9,0.8285945842810161
376,BLAT_ECOLX_Stiffler_2015,Augmented Potts,4,0.001,0.8191735204695147
377,BLAT_ECOLX_Stiffler_2015,Augmented Potts,4,0.01,0.8179003376601641
378,BLAT_ECOLX_Stiffler_2015,Augmented Potts,4,0.1,0.8154426234303017
379,BLAT_ECOLX_Stiffler_2015,Augmented Potts,4,0.9,0.8145564912486476
380,BLAT_ECOLX_Stiffler_2015,Augmented Potts,5,0.001,0.80382782099782
381,BLAT_ECOLX_Stiffler_2015,Augmented Potts,5,0.01,0.8019586348077252
382,BLAT_ECOLX_Stiffler_2015,Augmented Potts,5,0.1,0.7989576554532709
383,BLAT_ECOLX_Stiffler_2015,Augmented Potts,5,0.9,0.7979470166762579
384,BLAT_ECOLX_Stiffler_2015,Augmented Potts,6,0.001,0.8119758658504403
385,BLAT_ECOLX_Stiffler_2015,Augmented Potts,6,0.01,0.8096433935082277
386,BLAT_ECOLX_Stiffler_2015,Augmented Potts,6,0.1,0.8064859458545507
387,BLAT_ECOLX_Stiffler_2015,Augmented Potts,6,0.9,0.8053631218120447
388,BLAT_ECOLX_Stiffler_2015,Augmented Potts,7,0.001,0.8375928397539258
389,BLAT_ECOLX_Stiffler_2015,Augmented Potts,7,0.01,0.8366663117198956
390,BLAT_ECOLX_Stiffler_2015,Augmented Potts,7,0.1,0.8355742469303226
391,BLAT_ECOLX_Stiffler_2015,Augmented Potts,7,0.9,0.8354277225141115
392,BLAT_ECOLX_Stiffler_2015,Augmented Potts,8,0.001,0.8238443029722702
393,BLAT_ECOLX_Stiffler_2015,Augmented Potts,8,0.01,0.8215831677640667
394,BLAT_ECOLX_Stiffler_2015,Augmented Potts,8,0.1,0.8188700917942655
395,BLAT_ECOLX_Stiffler_2015,Augmented Potts,8,0.9,0.8177081765254288
396,BLAT_ECOLX_Stiffler_2015,Augmented Potts,9,0.001,0.8217760795206044
397,BLAT_ECOLX_Stiffler_2015,Augmented Potts,9,0.01,0.8214962181707817
398,BLAT_ECOLX_Stiffler_2015,Augmented Potts,9,0.1,0.8184987409303787
399,BLAT_ECOLX_Stiffler_2015,Augmented Potts,9,0.9,0.8170514390912851
400,PTEN_HUMAN_Mighell_2018,Augmented Potts,0,0.001,0.5543818685184434
401,PTEN_HUMAN_Mighell_2018,Augmented Potts,0,0.01,0.5544023912106019
402,PTEN_HUMAN_Mighell_2018,Augmented Potts,0,0.1,0.5544280685883102
403,PTEN_HUMAN_Mighell_2018,Augmented Potts,0,0.9,0.5545393265528196
404,PTEN_HUMAN_Mighell_2018,Augmented Potts,1,0.001,0.6087943595391395
405,PTEN_HUMAN_Mighell_2018,Augmented Potts,1,0.01,0.6087839528206722
406,PTEN_HUMAN_Mighell_2018,Augmented Potts,1,0.1,0.6086651995192847
407,PTEN_HUMAN_Mighell_2018,Augmented Potts,1,0.9,0.6085237524393081
408,PTEN_HUMAN_Mighell_2018,Augmented Potts,2,0.001,0.6232452254943436
409,PTEN_HUMAN_Mighell_2018,Augmented Potts,2,0.01,0.6232523378789104
410,PTEN_HUMAN_Mighell_2018,Augmented Potts,2,0.1,0.6232855184229824
411,PTEN_HUMAN_Mighell_2018,Augmented Potts,2,0.9,0.6236346603010837
412,PTEN_HUMAN_Mighell_2018,Augmented Potts,3,0.001,0.6082335919807913
413,PTEN_HUMAN_Mighell_2018,Augmented Potts,3,0.01,0.6082187603480456
414,PTEN_HUMAN_Mighell_2018,Augmented Potts,3,0.1,0.6081338642081677
415,PTEN_HUMAN_Mighell_2018,Augmented Potts,3,0.9,0.6083404679076256
416,PTEN_HUMAN_Mighell_2018,Augmented Potts,4,0.001,0.5959517961983735
417,PTEN_HUMAN_Mighell_2018,Augmented Potts,4,0.01,0.5959441756988693
418,PTEN_HUMAN_Mighell_2018,Augmented Potts,4,0.1,0.5958933776388967
419,PTEN_HUMAN_Mighell_2018,Augmented Potts,4,0.9,0.5955061550790308
420,PTEN_HUMAN_Mighell_2018,Augmented Potts,5,0.001,0.6219156614100955
421,PTEN_HUMAN_Mighell_2018,Augmented Potts,5,0.01,0.6219119747131522
422,PTEN_HUMAN_Mighell_2018,Augmented Potts,5,0.1,0.6218347015452186
423,PTEN_HUMAN_Mighell_2018,Augmented Potts,5,0.9,0.6215533180877109
424,PTEN_HUMAN_Mighell_2018,Augmented Potts,6,0.001,0.5698850132280657
425,PTEN_HUMAN_Mighell_2018,Augmented Potts,6,0.01,0.5698983486486371
426,PTEN_HUMAN_Mighell_2018,Augmented Potts,6,0.1,0.569902533534718
427,PTEN_HUMAN_Mighell_2018,Augmented Potts,6,0.9,0.5699707409317384
428,PTEN_HUMAN_Mighell_2018,Augmented Potts,7,0.001,0.5994226549508623
429,PTEN_HUMAN_Mighell_2018,Augmented Potts,7,0.01,0.599387626139979
430,PTEN_HUMAN_Mighell_2018,Augmented Potts,7,0.1,0.5994380839347071
431,PTEN_HUMAN_Mighell_2018,Augmented Potts,7,0.9,0.5990335278247692
432,PTEN_HUMAN_Mighell_2018,Augmented Potts,8,0.001,0.5837998434979794
433,PTEN_HUMAN_Mighell_2018,Augmented Potts,8,0.01,0.583838487700126
434,PTEN_HUMAN_Mighell_2018,Augmented Potts,8,0.1,0.5838124708992444
435,PTEN_HUMAN_Mighell_2018,Augmented Potts,8,0.9,0.5838868668199966
436,PTEN_HUMAN_Mighell_2018,Augmented Potts,9,0.001,0.6249311094348668
437,PTEN_HUMAN_Mighell_2018,Augmented Potts,9,0.01,0.6249584048862984
438,PTEN_HUMAN_Mighell_2018,Augmented Potts,9,0.1,0.62497055354832
439,PTEN_HUMAN_Mighell_2018,Augmented Potts,9,0.9,0.6244666807641118
440,BLAT_ECOLX_Firnberg_2014,Augmented Potts,0,0.001,0.831496086062853
441,BLAT_ECOLX_Firnberg_2014,Augmented Potts,0,0.01,0.8273233001747743
442,BLAT_ECOLX_Firnberg_2014,Augmented Potts,0,0.1,0.8208433691492871
443,BLAT_ECOLX_Firnberg_2014,Augmented Potts,0,0.9,0.8186146178536512
444,BLAT_ECOLX_Firnberg_2014,Augmented Potts,1,0.001,0.8065585432481422
445,BLAT_ECOLX_Firnberg_2014,Augmented Potts,1,0.01,0.8051718460532564
446,BLAT_ECOLX_Firnberg_2014,Augmented Potts,1,0.1,0.8008538069056939
447,BLAT_ECOLX_Firnberg_2014,Augmented Potts,1,0.9,0.7992294466996328
448,BLAT_ECOLX_Firnberg_2014,Augmented Potts,2,0.001,0.8061364549551403
449,BLAT_ECOLX_Firnberg_2014,Augmented Potts,2,0.01,0.8031205068043278
450,BLAT_ECOLX_Firnberg_2014,Augmented Potts,2,0.1,0.7985612317785927
451,BLAT_ECOLX_Firnberg_2014,Augmented Potts,2,0.9,0.7974944947028996
452,BLAT_ECOLX_Firnberg_2014,Augmented Potts,3,0.001,0.8233965439076544
453,BLAT_ECOLX_Firnberg_2014,Augmented Potts,3,0.01,0.8223813378734401
454,BLAT_ECOLX_Firnberg_2014,Augmented Potts,3,0.1,0.8199019312137034
455,BLAT_ECOLX_Firnberg_2014,Augmented Potts,3,0.9,0.8188088171928893
456,BLAT_ECOLX_Firnberg_2014,Augmented Potts,4,0.001,0.8216403443193402
457,BLAT_ECOLX_Firnberg_2014,Augmented Potts,4,0.01,0.8198812102558367
458,BLAT_ECOLX_Firnberg_2014,Augmented Potts,4,0.1,0.8156752668892758
459,BLAT_ECOLX_Firnberg_2014,Augmented Potts,4,0.9,0.8137662584777885
460,BLAT_ECOLX_Firnberg_2014,Augmented Potts,5,0.001,0.8048055278262924
461,BLAT_ECOLX_Firnberg_2014,Augmented Potts,5,0.01,0.8043465944959972
462,BLAT_ECOLX_Firnberg_2014,Augmented Potts,5,0.1,0.8046606945756459
463,BLAT_ECOLX_Firnberg_2014,Augmented Potts,5,0.9,0.8041202088193485
464,BLAT_ECOLX_Firnberg_2014,Augmented Potts,6,0.001,0.833156347402036
465,BLAT_ECOLX_Firnberg_2014,Augmented Potts,6,0.01,0.8345830412569064
466,BLAT_ECOLX_Firnberg_2014,Augmented Potts,6,0.1,0.8329704175549998
467,BLAT_ECOLX_Firnberg_2014,Augmented Potts,6,0.9,0.8322684637994621
468,BLAT_ECOLX_Firnberg_2014,Augmented Potts,7,0.001,0.8422506096261305
469,BLAT_ECOLX_Firnberg_2014,Augmented Potts,7,0.01,0.8416762924321884
470,BLAT_ECOLX_Firnberg_2014,Augmented Potts,7,0.1,0.8393303147503244
471,BLAT_ECOLX_Firnberg_2014,Augmented Potts,7,0.9,0.8391068696420164
472,BLAT_ECOLX_Firnberg_2014,Augmented Potts,8,0.001,0.8395855603537733
473,BLAT_ECOLX_Firnberg_2014,Augmented Potts,8,0.01,0.8374721562029359
474,BLAT_ECOLX_Firnberg_2014,Augmented Potts,8,0.1,0.8343918835448797
475,BLAT_ECOLX_Firnberg_2014,Augmented Potts,8,0.9,0.8333176910457262
476,BLAT_ECOLX_Firnberg_2014,Augmented Potts,9,0.001,0.824039324377873
477,BLAT_ECOLX_Firnberg_2014,Augmented Potts,9,0.01,0.8213643663145827
478,BLAT_ECOLX_Firnberg_2014,Augmented Potts,9,0.1,0.8161224728540467
479,BLAT_ECOLX_Firnberg_2014,Augmented Potts,9,0.9,0.8141545179857493
